,cell_value,time_slot_id,error_data,category_code,seasonally_adj,data_type_code,time,us,sector
1790,274184,0,no,TOTAL,yes,BA_BA,2019-01-01,1,Total
1791,297161,0,no,TOTAL,yes,BA_BA,2019-02-01,1,Total
1792,302367,0,no,TOTAL,yes,BA_BA,2019-03-01,1,Total
1793,291334,0,no,TOTAL,yes,BA_BA,2019-04-01,1,Total
1794,287155,0,no,TOTAL,yes,BA_BA,2019-05-01,1,Total
1795,292133,0,no,TOTAL,yes,BA_BA,2019-06-01,1,Total
1796,282553,0,no,TOTAL,yes,BA_BA,2019-07-01,1,Total
1797,292693,0,no,TOTAL,yes,BA_BA,2019-08-01,1,Total
1798,292890,0,no,TOTAL,yes,BA_BA,2019-09-01,1,Total
1799,298503,0,no,TOTAL,yes,BA_BA,2019-10-01,1,Total
1800,293659,0,no,TOTAL,yes,BA_BA,2019-11-01,1,Total
1801,313522,0,no,TOTAL,yes,BA_BA,2019-12-01,1,Total
449,279273,0,no,TOTAL,yes,BA_BA,2020-01-01,1,Total
450,300490,0,no,TOTAL,yes,BA_BA,2020-02-01,1,Total
451,260899,0,no,TOTAL,yes,BA_BA,2020-03-01,1,Total
1544,233008,0,no,TOTAL,yes,BA_BA,2020-04-01,1,Total
452,297093,0,no,TOTAL,yes,BA_BA,2020-05-01,1,Total
453,380603,0,no,TOTAL,yes,BA_BA,2020-06-01,1,Total
454,552214,0,no,TOTAL,yes,BA_BA,2020-07-01,1,Total
455,486402,0,no,TOTAL,yes,BA_BA,2020-08-01,1,Total
456,437285,0,no,TOTAL,yes,BA_BA,2020-09-01,1,Total
1545,412450,0,no,TOTAL,yes,BA_BA,2020-10-01,1,Total
457,395669,0,no,TOTAL,yes,BA_BA,2020-11-01,1,Total
458,347372,0,no,TOTAL,yes,BA_BA,2020-12-01,1,Total
318,481995,0,no,TOTAL,yes,BA_BA,2021-01-01,1,Total
319,427441,0,no,TOTAL,yes,BA_BA,2021-02-01,1,Total
320,453684,0,no,TOTAL,yes,BA_BA,2021-03-01,1,Total
321,490008,0,no,TOTAL,yes,BA_BA,2021-04-01,1,Total
322,500485,0,no,TOTAL,yes,BA_BA,2021-05-01,1,Total
323,451903,0,no,TOTAL,yes,BA_BA,2021-06-01,1,Total
324,447318,0,no,TOTAL,yes,BA_BA,2021-07-01,1,Total
325,430758,0,no,TOTAL,yes,BA_BA,2021-08-01,1,Total
326,433037,0,no,TOTAL,yes,BA_BA,2021-09-01,1,Total
1532,430252,0,no,TOTAL,yes,BA_BA,2021-10-01,1,Total
327,433499,0,no,TOTAL,yes,BA_BA,2021-11-01,1,Total
328,423843,0,no,TOTAL,yes,BA_BA,2021-12-01,1,Total
1079,430729,0,no,TOTAL,yes,BA_BA,2022-01-01,1,Total
1080,418169,0,no,TOTAL,yes,BA_BA,2022-02-01,1,Total
1081,418542,0,no,TOTAL,yes,BA_BA,2022-03-01,1,Total
1082,424911,0,no,TOTAL,yes,BA_BA,2022-04-01,1,Total
1083,422587,0,no,TOTAL,yes,BA_BA,2022-05-01,1,Total
1084,412881,0,no,TOTAL,yes,BA_BA,2022-06-01,1,Total
1085,427241,0,no,TOTAL,yes,BA_BA,2022-07-01,1,Total
1086,422582,0,no,TOTAL,yes,BA_BA,2022-08-01,1,Total
1087,427121,0,no,TOTAL,yes,BA_BA,2022-09-01,1,Total
1088,431567,0,no,TOTAL,yes,BA_BA,2022-10-01,1,Total
1089,418265,0,no,TOTAL,yes,BA_BA,2022-11-01,1,Total
1090,417055,0,no,TOTAL,yes,BA_BA,2022-12-01,1,Total
