,cell_value,time_slot_id,error_data,category_code,seasonally_adj,data_type_code,time,us,sector
1778,354726,0,no,TOTAL,no,BA_BA,2019-01-01,1,Total
1779,319359,0,no,TOTAL,no,BA_BA,2019-02-01,1,Total
1780,327898,0,no,TOTAL,no,BA_BA,2019-03-01,1,Total
1781,299709,0,no,TOTAL,no,BA_BA,2019-04-01,1,Total
1782,343347,0,no,TOTAL,no,BA_BA,2019-05-01,1,Total
1783,270136,0,no,TOTAL,no,BA_BA,2019-06-01,1,Total
1784,239964,0,no,TOTAL,no,BA_BA,2019-07-01,1,Total
1785,325512,0,no,TOTAL,no,BA_BA,2019-08-01,1,Total
1786,249633,0,no,TOTAL,no,BA_BA,2019-09-01,1,Total
1787,315288,0,no,TOTAL,no,BA_BA,2019-10-01,1,Total
1788,228488,0,no,TOTAL,no,BA_BA,2019-11-01,1,Total
1789,224296,0,no,TOTAL,no,BA_BA,2019-12-01,1,Total
439,361858,0,no,TOTAL,no,BA_BA,2020-01-01,1,Total
440,322942,0,no,TOTAL,no,BA_BA,2020-02-01,1,Total
441,282298,0,no,TOTAL,no,BA_BA,2020-03-01,1,Total
1542,301463,0,no,TOTAL,no,BA_BA,2020-04-01,1,Total
442,285221,0,no,TOTAL,no,BA_BA,2020-05-01,1,Total
443,349320,0,no,TOTAL,no,BA_BA,2020-06-01,1,Total
444,584760,0,no,TOTAL,no,BA_BA,2020-07-01,1,Total
445,431923,0,no,TOTAL,no,BA_BA,2020-08-01,1,Total
446,465044,0,no,TOTAL,no,BA_BA,2020-09-01,1,Total
1543,349062,0,no,TOTAL,no,BA_BA,2020-10-01,1,Total
447,307430,0,no,TOTAL,no,BA_BA,2020-11-01,1,Total
448,309764,0,no,TOTAL,no,BA_BA,2020-12-01,1,Total
306,500489,0,no,TOTAL,no,BA_BA,2021-01-01,1,Total
307,459894,0,no,TOTAL,no,BA_BA,2021-02-01,1,Total
308,611481,0,no,TOTAL,no,BA_BA,2021-03-01,1,Total
309,511089,0,no,TOTAL,no,BA_BA,2021-04-01,1,Total
310,482819,0,no,TOTAL,no,BA_BA,2021-05-01,1,Total
311,516008,0,no,TOTAL,no,BA_BA,2021-06-01,1,Total
312,380243,0,no,TOTAL,no,BA_BA,2021-07-01,1,Total
313,382265,0,no,TOTAL,no,BA_BA,2021-08-01,1,Total
314,461000,0,no,TOTAL,no,BA_BA,2021-09-01,1,Total
315,364934,0,no,TOTAL,no,BA_BA,2021-10-01,1,Total
316,335519,0,no,TOTAL,no,BA_BA,2021-11-01,1,Total
317,374736,0,no,TOTAL,no,BA_BA,2021-12-01,1,Total
1067,448257,0,no,TOTAL,no,BA_BA,2022-01-01,1,Total
1068,448732,0,no,TOTAL,no,BA_BA,2022-02-01,1,Total
1069,562067,0,no,TOTAL,no,BA_BA,2022-03-01,1,Total
1070,445047,0,no,TOTAL,no,BA_BA,2022-04-01,1,Total
1071,408806,0,no,TOTAL,no,BA_BA,2022-05-01,1,Total
1072,470201,0,no,TOTAL,no,BA_BA,2022-06-01,1,Total
1073,363981,0,no,TOTAL,no,BA_BA,2022-07-01,1,Total
1074,468027,0,no,TOTAL,no,BA_BA,2022-08-01,1,Total
1075,364128,0,no,TOTAL,no,BA_BA,2022-09-01,1,Total
1076,367122,0,no,TOTAL,no,BA_BA,2022-10-01,1,Total
1077,404692,0,no,TOTAL,no,BA_BA,2022-11-01,1,Total
1078,293688,0,no,TOTAL,no,BA_BA,2022-12-01,1,Total
